{
    "bias_h": {
        "cols": 1,
        "data": [
            [
                -0.2757150295767772
            ],
            [
                0.4716113501971636
            ],
            [
                0.025546188243554854
            ],
            [
                0.23910692945005813
            ],
            [
                1.05801753196093
            ],
            [
                1.0850918230096214
            ],
            [
                1.1553075310563539
            ],
            [
                1.3382029594116867
            ]
        ],
        "rows": 8
    },
    "bias_o": {
        "cols": 1,
        "data": [
            [
                -0.04048487293697697
            ],
            [
                0.20799886136028956
            ]
        ],
        "rows": 2
    },
    "hidden_nodes": 8,
    "input_nodes": 5,
    "learning_rate": 0.1,
    "output_nodes": 2,
    "weights_ho": {
        "cols": 8,
        "data": [
            [
                0.7134536596794848,
                0.08979688906241419,
                0.7514927157984884,
                0.6667234561847591,
                -0.1825703992333756,
                1.3901684843338198,
                -0.04356718930021451,
                0.9262448733634012
            ],
            [
                -0.22828118191568272,
                0.6161580166714173,
                1.0387802257669487,
                0.553477606727671,
                -0.35652425914702046,
                0.23671988904549807,
                0.9952851666834874,
                0.8762042469184037
            ]
        ],
        "rows": 2
    },
    "weights_ih": {
        "cols": 5,
        "data": [
            [
                0.8867122260478929,
                0.4138750117860053,
                -0.13026439362785902,
                -0.579700094546708,
                0.5876369197586043
            ],
            [
                -0.48266812792726227,
                1.458472012738076,
                0.07443238175482447,
                0.6149783012410591,
                0.6643698885708816
            ],
            [
                -0.12567468954214167,
                1.5608199633950368,
                0.7361573983310103,
                0.3061850746825465,
                0.768030689811787
            ],
            [
                0.45755627791409703,
                0.38282645531909437,
                0.595282560836094,
                -0.07379094186146713,
                0.41427634114464507
            ],
            [
                0.15123666517425696,
                0.5842124216415591,
                1.1008101836612154,
                0.5779788191955375,
                0.847867563483135
            ],
            [
                1.0106699737763658,
                0.10423746340757865,
                0.11910666628787717,
                -0.3138089271367187,
                -0.036245706072057675
            ],
            [
                0.2160033876889879,
                0.04158747327057284,
                0.7674057592494269,
                0.2879988307847383,
                0.1564183474328888
            ],
            [
                1.1685678851323942,
                1.128056121639163,
                0.8288787122147474,
                0.7532597657401946,
                0.5531722228233338
            ]
        ],
        "rows": 8
    }
}
